Transaction_ID,Account_No,Transaction_Type,Amount (LKR),Time_Stamp,Processing_Time (ms),Server_ID
TXN0001,175233,Withdrawal,31542,10/23/2025 6:44,332,S1
TXN0002,182818,Deposit,4965,10/26/2025 2:40,115,S1
TXN0003,194211,Deposit,58768,10/18/2025 17:06,284,S3
TXN0004,109248,Fund Transfer,89864,10/26/2025 16:18,320,S4
TXN0005,134550,Loan Payment,92602,10/29/2025 6:34,336,S2
TXN0006,187588,Loan Payment,55016,10/20/2025 4:30,310,S3
TXN0007,196163,Fund Transfer,85010,10/16/2025 20:52,83,S4
TXN0008,145467,Deposit,37341,10/3/2025 11:18,130,S1
TXN0009,184159,Deposit,40068,10/11/2025 16:12,278,S4
TXN0010,181727,Loan Payment,92070,10/22/2025 12:01,353,S4
TXN0011,147155,Fund Transfer,49566,11/1/2025 0:31,244,S3
TXN0012,195045,Deposit,2758,10/21/2025 15:41,333,S1
TXN0013,106761,Withdrawal,43235,10/27/2025 23:39,301,S2
TXN0014,163590,Deposit,15531,10/8/2025 23:37,340,S4
TXN0015,170188,Deposit,44271,10/16/2025 20:32,295,S3
TXN0016,179839,Fund Transfer,92296,10/25/2025 12:14,295,S4
TXN0017,166023,Deposit,56986,10/28/2025 1:01,213,S1
TXN0018,116472,Fund Transfer,61169,10/22/2025 17:37,151,S3
TXN0019,109822,Fund Transfer,31963,10/16/2025 18:22,274,S1
TXN0020,191835,Fund Transfer,43155,10/12/2025 21:13,123,S4
TXN0021,145159,Fund Transfer,5094,10/14/2025 13:37,279,S1
TXN0022,121042,Fund Transfer,41011,10/19/2025 3:03,176,S3
TXN0023,171727,Fund Transfer,89344,10/27/2025 2:22,282,S1
TXN0024,190920,Deposit,35093,10/12/2025 22:30,189,S4
TXN0025,153939,Loan Payment,83398,10/4/2025 23:13,257,S4
TXN0026,156983,Fund Transfer,38078,10/28/2025 14:17,299,S4
TXN0027,145965,Loan Payment,10442,10/17/2025 6:16,168,S3
TXN0028,198599,Deposit,24749,10/18/2025 2:11,235,S4
TXN0029,196380,Fund Transfer,48858,10/19/2025 20:20,238,S3
TXN0030,105621,Deposit,4448,10/18/2025 2:33,400,S4
TXN0031,116284,Fund Transfer,69021,10/5/2025 7:24,115,S4
TXN0032,148921,Withdrawal,19176,10/5/2025 16:25,174,S2
TXN0033,149999,Fund Transfer,46229,10/10/2025 10:01,323,S3
TXN0034,192765,Withdrawal,13452,10/3/2025 19:29,369,S1
TXN0035,194814,Fund Transfer,62108,10/26/2025 1:19,200,S4
TXN0036,173463,Deposit,51669,10/7/2025 15:21,129,S1
TXN0037,162890,Withdrawal,1040,10/19/2025 1:41,126,S3
TXN0038,139934,Deposit,6717,10/1/2025 16:46,143,S1
TXN0039,131565,Withdrawal,79954,10/12/2025 4:15,278,S3
TXN0040,116267,Deposit,80714,10/28/2025 10:18,253,S2
TXN0041,119097,Loan Payment,69696,10/19/2025 8:33,303,S3
TXN0042,127629,Deposit,37645,10/27/2025 17:10,322,S3
TXN0043,173531,Deposit,87599,10/4/2025 6:55,355,S2
TXN0044,190615,Withdrawal,12495,10/18/2025 7:51,263,S2
TXN0045,175098,Deposit,56879,10/26/2025 12:18,247,S3
TXN0046,181351,Withdrawal,59409,10/29/2025 11:06,395,S4
TXN0047,196451,Deposit,1708,10/5/2025 19:59,208,S3
TXN0048,187116,Fund Transfer,53707,10/15/2025 0:41,95,S4
TXN0049,172324,Deposit,92720,10/3/2025 10:24,109,S1
TXN0050,184587,Withdrawal,59921,10/7/2025 12:28,96,S2
TXN0051,102678,Loan Payment,18321,10/21/2025 12:02,194,S1
TXN0052,157652,Loan Payment,78168,10/27/2025 0:39,159,S4
TXN0053,191185,Withdrawal,63331,10/1/2025 23:51,343,S3
TXN0054,125784,Fund Transfer,47841,10/24/2025 10:27,92,S1
TXN0055,181974,Fund Transfer,41480,10/21/2025 18:50,242,S4
TXN0056,180934,Fund Transfer,92267,10/22/2025 4:55,387,S1
TXN0057,111710,Deposit,85073,10/7/2025 15:58,209,S1
TXN0058,124018,Deposit,19937,10/15/2025 7:53,315,S4
TXN0059,193930,Loan Payment,44762,10/4/2025 4:17,260,S2
TXN0060,158978,Withdrawal,56596,10/19/2025 10:26,256,S3
TXN0061,169026,Fund Transfer,70365,10/9/2025 0:52,141,S3
TXN0062,109382,Withdrawal,98773,10/3/2025 0:33,251,S4
TXN0063,139010,Fund Transfer,3683,10/27/2025 15:59,123,S1
TXN0064,102479,Withdrawal,22668,10/9/2025 2:01,325,S4
TXN0065,129801,Deposit,15829,10/14/2025 0:01,220,S2
TXN0066,100153,Fund Transfer,40282,10/6/2025 23:56,334,S4
TXN0067,195008,Withdrawal,9778,10/2/2025 15:49,92,S4
TXN0068,189535,Fund Transfer,42489,10/4/2025 1:42,395,S3
TXN0069,188576,Loan Payment,82261,10/26/2025 5:26,293,S3
TXN0070,184787,Deposit,80762,10/1/2025 11:11,348,S2
TXN0071,136174,Loan Payment,19213,10/10/2025 16:37,170,S2
TXN0072,154286,Deposit,52852,10/10/2025 16:28,381,S2
TXN0073,178921,Withdrawal,7539,10/3/2025 0:36,327,S4
TXN0074,179931,Loan Payment,12000,10/6/2025 20:56,338,S1
TXN0075,188052,Fund Transfer,32011,10/8/2025 13:45,141,S3
TXN0076,156167,Loan Payment,87519,10/5/2025 5:02,148,S1
TXN0077,113175,Deposit,58596,10/5/2025 0:53,199,S1
TXN0078,101288,Fund Transfer,95620,10/11/2025 3:39,192,S4
TXN0079,146118,Loan Payment,30656,10/2/2025 20:59,334,S1
TXN0080,140732,Withdrawal,30954,10/24/2025 5:32,290,S4
TXN0081,108047,Fund Transfer,5077,10/5/2025 23:38,265,S1
TXN0082,120367,Withdrawal,17850,10/24/2025 21:20,149,S2
TXN0083,136267,Deposit,10807,10/8/2025 10:59,328,S3
TXN0084,149585,Fund Transfer,63758,10/21/2025 14:34,331,S1
TXN0085,131412,Loan Payment,20202,10/13/2025 22:17,175,S4
TXN0086,179218,Loan Payment,75295,10/14/2025 13:44,383,S2
TXN0087,156997,Withdrawal,60456,10/10/2025 0:35,87,S1
TXN0088,167973,Deposit,63817,10/14/2025 3:50,390,S2
TXN0089,188625,Deposit,45560,10/16/2025 8:49,83,S4
TXN0090,122404,Withdrawal,2106,10/11/2025 16:37,275,S1
TXN0091,121533,Fund Transfer,17829,10/9/2025 19:04,214,S4
TXN0092,165769,Loan Payment,1121,10/29/2025 9:28,259,S3
TXN0093,138781,Withdrawal,80426,10/15/2025 20:47,329,S3
TXN0094,137538,Deposit,51661,10/4/2025 4:25,139,S3
TXN0095,170663,Fund Transfer,33523,10/6/2025 5:59,246,S1
TXN0096,196543,Deposit,13644,10/7/2025 5:48,363,S3
TXN0097,137880,Withdrawal,66795,10/27/2025 21:11,313,S3
TXN0098,125879,Withdrawal,17467,10/12/2025 11:47,283,S2
TXN0099,112680,Loan Payment,24352,10/17/2025 8:42,279,S3
TXN0100,154826,Withdrawal,6222,10/30/2025 21:52,125,S2
TXN0101,176405,Deposit,42108,10/15/2025 14:17,101,S2
TXN0102,175045,Withdrawal,97531,10/29/2025 10:06,80,S4
TXN0103,152701,Deposit,14414,10/10/2025 15:37,400,S4
TXN0104,124913,Fund Transfer,3829,10/26/2025 14:47,285,S2
TXN0105,111681,Withdrawal,73043,10/2/2025 22:45,113,S1
TXN0106,103913,Deposit,55221,10/4/2025 1:05,393,S2
TXN0107,195631,Fund Transfer,80959,10/28/2025 13:38,168,S3
TXN0108,105398,Fund Transfer,72198,10/30/2025 13:58,292,S2
TXN0109,136954,Withdrawal,2030,10/10/2025 21:00,83,S4
TXN0110,177660,Withdrawal,97225,10/13/2025 11:01,361,S4
TXN0111,163184,Withdrawal,38814,10/4/2025 3:48,227,S1
TXN0112,143106,Withdrawal,69337,10/25/2025 10:48,288,S3
TXN0113,182745,Fund Transfer,5653,10/23/2025 16:53,184,S1
TXN0114,136044,Fund Transfer,8090,10/27/2025 12:14,338,S4
TXN0115,181821,Fund Transfer,66391,10/14/2025 3:27,187,S3
TXN0116,144100,Withdrawal,90277,10/5/2025 5:57,384,S4
TXN0117,141448,Withdrawal,70890,10/23/2025 4:29,397,S1
TXN0118,151276,Fund Transfer,74706,10/28/2025 18:02,264,S1
TXN0119,149881,Loan Payment,18468,10/17/2025 1:30,151,S2
TXN0120,129438,Withdrawal,35559,10/29/2025 19:57,352,S1
TXN0121,140835,Fund Transfer,42925,10/14/2025 15:44,375,S3
TXN0122,140832,Withdrawal,16212,10/17/2025 4:14,389,S3
TXN0123,179239,Withdrawal,82225,10/16/2025 7:29,248,S2
TXN0124,118488,Withdrawal,24130,10/23/2025 10:04,398,S4
TXN0125,120092,Loan Payment,10338,10/3/2025 6:44,219,S1
TXN0126,172410,Withdrawal,11702,10/21/2025 13:56,146,S4
TXN0127,197689,Loan Payment,43068,10/6/2025 13:29,137,S1
TXN0128,164872,Fund Transfer,15768,10/14/2025 17:32,376,S1
TXN0129,117922,Loan Payment,41517,10/17/2025 6:46,136,S4
TXN0130,154670,Fund Transfer,42393,10/27/2025 9:29,151,S3
TXN0131,182489,Fund Transfer,71750,10/20/2025 17:28,366,S2
TXN0132,120535,Fund Transfer,52502,10/30/2025 1:18,127,S1
TXN0133,191894,Withdrawal,34687,10/24/2025 11:02,111,S4
TXN0134,138057,Withdrawal,54798,10/15/2025 23:08,298,S2
TXN0135,100332,Fund Transfer,82041,10/13/2025 6:56,174,S1
TXN0136,155550,Fund Transfer,48707,10/6/2025 22:22,234,S3
TXN0137,156756,Withdrawal,8912,10/19/2025 8:28,264,S3
TXN0138,147873,Loan Payment,44756,10/30/2025 18:01,179,S4
TXN0139,160708,Fund Transfer,32688,10/28/2025 10:36,235,S2
TXN0140,115724,Deposit,37224,10/11/2025 15:28,188,S3
TXN0141,189595,Loan Payment,29966,10/1/2025 13:10,117,S4
TXN0142,101113,Withdrawal,28723,10/14/2025 8:28,200,S4
TXN0143,165572,Loan Payment,11161,10/5/2025 3:00,265,S3
TXN0144,148081,Withdrawal,3531,10/5/2025 1:37,100,S2
TXN0145,123194,Fund Transfer,57237,10/4/2025 20:37,167,S2
TXN0146,113705,Withdrawal,21418,10/6/2025 21:18,350,S1
TXN0147,194794,Loan Payment,16260,10/22/2025 2:22,118,S2
TXN0148,109179,Fund Transfer,39923,10/6/2025 13:49,194,S2
TXN0149,157533,Fund Transfer,68029,10/19/2025 16:50,366,S4
TXN0150,185038,Loan Payment,56722,10/23/2025 6:41,337,S3
TXN0151,108906,Loan Payment,36778,10/17/2025 14:03,181,S1
TXN0152,104493,Withdrawal,6779,10/9/2025 0:51,192,S3
TXN0153,164198,Fund Transfer,42152,10/23/2025 8:57,126,S4
TXN0154,166651,Deposit,56649,10/9/2025 23:37,329,S1
TXN0155,151384,Withdrawal,12008,10/23/2025 13:14,268,S2
TXN0156,152435,Deposit,37952,10/20/2025 5:52,387,S3
TXN0157,199127,Loan Payment,57240,10/6/2025 23:00,167,S2
TXN0158,195474,Withdrawal,3191,10/15/2025 18:03,199,S2
TXN0159,199214,Deposit,19863,10/10/2025 14:24,328,S1
TXN0160,108147,Deposit,70800,10/4/2025 13:48,302,S4
TXN0161,198120,Deposit,8658,10/13/2025 10:51,393,S3
TXN0162,193691,Loan Payment,17317,10/29/2025 18:35,217,S3
TXN0163,174535,Withdrawal,2375,10/21/2025 20:55,105,S4
TXN0164,120021,Deposit,22386,10/1/2025 10:37,108,S4
TXN0165,150246,Withdrawal,67857,10/23/2025 4:29,385,S1
TXN0166,159656,Fund Transfer,59990,10/9/2025 3:02,312,S3
TXN0167,118728,Deposit,10973,10/8/2025 2:00,158,S2
TXN0168,119228,Withdrawal,37059,10/19/2025 1:47,95,S2
TXN0169,109562,Fund Transfer,27386,10/3/2025 20:33,173,S4
TXN0170,181158,Withdrawal,32566,10/18/2025 0:35,129,S1
TXN0171,117777,Deposit,50012,10/27/2025 19:15,171,S4
TXN0172,197152,Withdrawal,18539,10/27/2025 3:34,316,S2
TXN0173,150428,Withdrawal,38097,10/9/2025 18:28,311,S1
TXN0174,135166,Withdrawal,69638,10/19/2025 10:07,387,S2
TXN0175,142850,Fund Transfer,67530,10/23/2025 16:47,263,S2
TXN0176,186670,Deposit,82465,10/29/2025 0:20,245,S4
TXN0177,167683,Loan Payment,67553,10/23/2025 11:47,368,S2
TXN0178,150682,Fund Transfer,3850,10/13/2025 12:09,113,S1
TXN0179,126512,Loan Payment,25484,10/27/2025 12:16,240,S2
TXN0180,148450,Deposit,13103,10/24/2025 18:16,239,S1
TXN0181,185348,Loan Payment,41011,10/25/2025 15:13,393,S2
TXN0182,149383,Deposit,30388,10/19/2025 6:15,292,S3
TXN0183,131970,Deposit,16916,10/19/2025 22:21,348,S4
TXN0184,168857,Loan Payment,16298,10/8/2025 10:02,384,S3
TXN0185,111399,Fund Transfer,5207,10/13/2025 3:00,275,S1
TXN0186,169084,Fund Transfer,42871,10/1/2025 17:05,320,S3
TXN0187,100397,Withdrawal,2324,10/9/2025 1:44,213,S2
TXN0188,183325,Loan Payment,28747,10/14/2025 11:43,246,S1
TXN0189,172618,Withdrawal,24392,10/10/2025 14:05,223,S2
TXN0190,179692,Deposit,22408,10/2/2025 8:35,86,S3
TXN0191,158845,Deposit,79508,10/5/2025 7:34,264,S2
TXN0192,138094,Deposit,6257,10/6/2025 13:15,278,S2
TXN0193,149743,Fund Transfer,61900,10/24/2025 14:23,109,S4
TXN0194,155880,Loan Payment,96344,10/31/2025 4:30,358,S4
TXN0195,177963,Loan Payment,64925,10/31/2025 11:20,115,S3
TXN0196,199020,Deposit,59131,10/28/2025 21:47,188,S3
TXN0197,192516,Fund Transfer,10380,10/18/2025 18:46,144,S1
TXN0198,186823,Deposit,80988,10/4/2025 23:25,305,S3
TXN0199,133894,Deposit,71051,10/15/2025 6:11,347,S2
TXN0200,150688,Loan Payment,35645,10/3/2025 15:52,328,S1
TXN0201,172025,Fund Transfer,45446,10/6/2025 14:14,117,S4
TXN0202,167013,Fund Transfer,17046,10/14/2025 22:07,305,S2
TXN0203,138625,Deposit,16697,10/19/2025 15:59,245,S3
TXN0204,188715,Deposit,93694,10/22/2025 20:06,378,S3
TXN0205,159256,Deposit,36878,10/4/2025 21:46,157,S3
TXN0206,124013,Deposit,69298,10/9/2025 22:30,320,S2
TXN0207,187573,Deposit,59279,10/27/2025 13:15,343,S1
TXN0208,102841,Fund Transfer,81849,10/2/2025 20:09,85,S1
TXN0209,183061,Deposit,59058,10/25/2025 20:02,289,S3
TXN0210,162670,Fund Transfer,96504,10/24/2025 10:11,104,S3
TXN0211,165817,Deposit,43684,10/21/2025 22:52,305,S3
TXN0212,135053,Withdrawal,50606,10/20/2025 20:51,225,S2
TXN0213,189780,Loan Payment,10325,10/11/2025 3:16,80,S3
TXN0214,152937,Deposit,22305,10/3/2025 11:38,235,S4
TXN0215,151213,Loan Payment,10905,10/23/2025 2:15,99,S1
TXN0216,164212,Deposit,94630,10/1/2025 10:49,356,S3
TXN0217,188264,Deposit,97863,10/3/2025 13:28,123,S2
TXN0218,195500,Withdrawal,2570,10/4/2025 23:13,96,S2
TXN0219,168137,Fund Transfer,85722,10/31/2025 18:17,126,S1
TXN0220,184941,Fund Transfer,96134,10/22/2025 20:39,153,S2
TXN0221,111183,Loan Payment,61879,10/3/2025 19:39,118,S4
TXN0222,173484,Fund Transfer,13121,10/16/2025 11:03,261,S4
TXN0223,181692,Loan Payment,60595,10/27/2025 3:05,261,S4
TXN0224,199880,Fund Transfer,82218,10/23/2025 15:03,383,S4
TXN0225,101498,Deposit,34610,10/9/2025 11:02,394,S3
TXN0226,137738,Deposit,70599,10/5/2025 14:23,120,S3
TXN0227,180227,Withdrawal,42050,10/24/2025 6:48,199,S2
TXN0228,117970,Withdrawal,28002,10/26/2025 4:29,142,S4
TXN0229,144010,Loan Payment,10458,10/11/2025 21:12,212,S4
TXN0230,103783,Fund Transfer,91104,10/10/2025 16:32,117,S4
TXN0231,111583,Withdrawal,59040,10/4/2025 16:19,394,S2
TXN0232,102830,Loan Payment,20685,10/1/2025 9:27,244,S3
TXN0233,160218,Fund Transfer,11635,10/14/2025 14:16,377,S3
TXN0234,135166,Withdrawal,25877,10/7/2025 11:20,311,S1
TXN0235,172670,Withdrawal,23173,10/11/2025 10:44,372,S3
TXN0236,171447,Loan Payment,6520,10/23/2025 6:56,189,S2
TXN0237,100667,Fund Transfer,47810,10/30/2025 13:20,390,S1
TXN0238,173883,Withdrawal,25664,10/13/2025 2:14,392,S3
TXN0239,177929,Fund Transfer,61801,10/9/2025 12:55,160,S1
TXN0240,140569,Fund Transfer,49199,10/14/2025 20:24,390,S2
TXN0241,193913,Deposit,63675,10/31/2025 11:01,188,S2
TXN0242,124211,Deposit,42476,10/26/2025 4:23,191,S2
TXN0243,164655,Withdrawal,27020,10/8/2025 12:31,122,S1
TXN0244,137107,Loan Payment,33548,10/6/2025 14:07,306,S1
TXN0245,198300,Withdrawal,39290,10/10/2025 0:28,374,S2
TXN0246,192264,Deposit,67690,10/26/2025 1:45,212,S2
TXN0247,181472,Fund Transfer,23326,10/23/2025 20:48,90,S1
TXN0248,186834,Withdrawal,36371,10/26/2025 9:59,272,S3
TXN0249,191570,Fund Transfer,65372,10/27/2025 15:33,333,S2
TXN0250,118775,Withdrawal,34757,10/4/2025 7:53,170,S3
TXN0251,130437,Fund Transfer,61398,10/8/2025 20:22,395,S4
TXN0252,196993,Fund Transfer,66650,10/21/2025 9:22,192,S3
TXN0253,166555,Withdrawal,94580,10/4/2025 9:05,235,S3
TXN0254,130724,Deposit,18580,10/4/2025 2:05,375,S4
TXN0255,147584,Withdrawal,11751,10/13/2025 23:32,252,S1
TXN0256,168596,Loan Payment,54528,10/6/2025 22:49,166,S1
TXN0257,144567,Fund Transfer,3652,10/1/2025 10:19,255,S3
TXN0258,145360,Deposit,6789,10/17/2025 12:16,366,S4
TXN0259,169646,Deposit,55642,10/15/2025 3:44,197,S3
TXN0260,114314,Loan Payment,65878,10/29/2025 19:00,182,S2
TXN0261,107593,Withdrawal,95739,10/29/2025 0:58,359,S2
TXN0262,150256,Deposit,77535,10/22/2025 6:30,327,S3
TXN0263,167638,Deposit,15850,10/4/2025 9:54,166,S3
TXN0264,165473,Deposit,46131,10/5/2025 11:58,261,S3
TXN0265,142847,Fund Transfer,11888,10/26/2025 5:51,126,S3
TXN0266,128330,Fund Transfer,71485,10/19/2025 11:24,80,S4
TXN0267,130211,Fund Transfer,91771,10/14/2025 19:02,384,S4
TXN0268,182522,Deposit,2953,10/7/2025 13:17,267,S2
TXN0269,193512,Withdrawal,77177,10/17/2025 9:46,162,S3
TXN0270,188864,Fund Transfer,14809,10/2/2025 2:01,263,S2
TXN0271,169040,Fund Transfer,64095,10/19/2025 8:34,243,S2
TXN0272,106739,Deposit,57561,10/15/2025 22:48,365,S3
TXN0273,108840,Deposit,17732,10/7/2025 23:16,215,S4
TXN0274,160600,Withdrawal,32159,10/26/2025 2:53,167,S2
TXN0275,111400,Fund Transfer,2825,10/31/2025 21:22,392,S2
TXN0276,185927,Withdrawal,50877,10/31/2025 1:24,266,S2
TXN0277,169525,Deposit,98093,10/15/2025 6:04,82,S1
TXN0278,158413,Fund Transfer,9164,10/29/2025 0:28,267,S1
TXN0279,182676,Loan Payment,29915,10/7/2025 22:02,92,S3
TXN0280,130183,Deposit,34647,10/19/2025 22:06,276,S2
TXN0281,190658,Loan Payment,27623,10/23/2025 1:14,398,S3
TXN0282,151692,Fund Transfer,10988,10/1/2025 10:37,102,S2
TXN0283,126876,Deposit,50666,10/12/2025 22:33,98,S4
TXN0284,111725,Loan Payment,18055,10/3/2025 14:03,350,S2
TXN0285,109913,Fund Transfer,58348,10/20/2025 3:41,371,S3
TXN0286,168736,Loan Payment,20480,10/12/2025 10:35,245,S1
TXN0287,195567,Deposit,71023,10/8/2025 14:44,99,S2
TXN0288,149960,Fund Transfer,49518,10/17/2025 2:14,273,S2
TXN0289,124769,Fund Transfer,86986,10/7/2025 1:51,280,S2
TXN0290,198580,Fund Transfer,71487,10/29/2025 0:17,116,S4
TXN0291,162474,Fund Transfer,45378,10/26/2025 21:17,274,S1
TXN0292,197243,Loan Payment,68256,10/24/2025 20:12,212,S3
TXN0293,145679,Fund Transfer,39829,10/28/2025 14:30,172,S4
TXN0294,179530,Loan Payment,65372,10/15/2025 11:49,127,S3
TXN0295,116759,Withdrawal,47127,10/23/2025 11:18,213,S2
TXN0296,110456,Fund Transfer,76171,10/23/2025 5:09,136,S4
TXN0297,109491,Fund Transfer,48081,10/7/2025 16:00,387,S1
TXN0298,124266,Withdrawal,2367,10/12/2025 14:00,228,S3
TXN0299,130085,Deposit,16417,10/29/2025 0:14,310,S1
TXN0300,171423,Deposit,88480,10/29/2025 2:51,284,S4
TXN0301,127962,Loan Payment,30964,10/28/2025 1:06,150,S3
TXN0302,150304,Loan Payment,72204,10/8/2025 7:45,356,S2
TXN0303,101719,Deposit,83618,10/13/2025 11:13,366,S1
TXN0304,110559,Fund Transfer,76116,10/30/2025 19:34,92,S1
TXN0305,115871,Deposit,80883,10/6/2025 9:57,115,S3
TXN0306,189347,Fund Transfer,55280,10/24/2025 17:21,160,S2
TXN0307,119037,Loan Payment,68493,10/22/2025 4:37,360,S4
TXN0308,139118,Loan Payment,6172,10/23/2025 23:41,218,S2
TXN0309,195941,Withdrawal,88890,10/16/2025 11:08,158,S2
TXN0310,189024,Withdrawal,84701,10/17/2025 15:27,91,S2
TXN0311,171909,Fund Transfer,93446,10/11/2025 3:45,94,S3
TXN0312,148598,Loan Payment,12917,10/13/2025 14:08,374,S2
TXN0313,178627,Loan Payment,85984,10/5/2025 11:06,371,S4
TXN0314,174563,Withdrawal,97072,10/17/2025 16:22,356,S1
TXN0315,111999,Withdrawal,86247,10/21/2025 22:49,313,S1
TXN0316,129697,Deposit,75192,10/8/2025 23:07,291,S2
TXN0317,198249,Withdrawal,11308,10/17/2025 13:03,356,S2
TXN0318,197644,Withdrawal,59444,10/28/2025 2:58,106,S1
TXN0319,152095,Loan Payment,24862,10/8/2025 14:49,285,S4
TXN0320,177457,Deposit,20719,10/25/2025 19:28,207,S2
TXN0321,108793,Deposit,15057,10/12/2025 11:43,277,S1
TXN0322,144526,Deposit,14619,10/12/2025 1:46,385,S3
TXN0323,118929,Withdrawal,80620,10/12/2025 3:40,225,S3
TXN0324,101682,Fund Transfer,77914,10/6/2025 9:29,164,S4
TXN0325,119568,Deposit,84094,10/5/2025 21:33,385,S1
TXN0326,129585,Withdrawal,49326,10/12/2025 6:16,120,S4
TXN0327,194179,Fund Transfer,4938,10/27/2025 21:01,292,S1
TXN0328,184459,Deposit,95357,10/27/2025 13:05,323,S1
TXN0329,106709,Deposit,5480,10/23/2025 5:46,196,S3
TXN0330,129978,Deposit,39522,10/11/2025 1:04,92,S4
TXN0331,177002,Loan Payment,74841,10/18/2025 5:33,319,S4
TXN0332,132657,Withdrawal,70694,10/21/2025 5:06,159,S4
TXN0333,165601,Deposit,57608,10/28/2025 9:57,399,S2
TXN0334,198657,Fund Transfer,52160,10/1/2025 15:54,251,S4
TXN0335,148732,Fund Transfer,55166,10/11/2025 6:45,312,S2
TXN0336,185187,Withdrawal,80632,10/31/2025 17:35,357,S4
TXN0337,176281,Loan Payment,23062,10/21/2025 8:16,134,S4
TXN0338,180613,Fund Transfer,30700,10/15/2025 23:09,195,S3
TXN0339,136763,Withdrawal,6338,10/23/2025 11:43,170,S1
TXN0340,135463,Withdrawal,25971,10/19/2025 15:12,390,S3
TXN0341,119817,Loan Payment,19394,10/19/2025 5:54,347,S1
TXN0342,199589,Loan Payment,99030,10/31/2025 17:27,214,S3
TXN0343,122230,Deposit,83907,10/31/2025 13:50,252,S3
TXN0344,167124,Loan Payment,36821,10/31/2025 3:08,342,S1
TXN0345,173838,Fund Transfer,14928,10/14/2025 10:35,215,S3
TXN0346,141382,Loan Payment,24471,10/21/2025 20:52,296,S1
TXN0347,138644,Loan Payment,98779,10/3/2025 4:02,225,S4
TXN0348,136125,Withdrawal,33578,10/3/2025 10:55,262,S1
TXN0349,114377,Fund Transfer,15172,10/7/2025 15:08,331,S3
TXN0350,120351,Deposit,17859,10/30/2025 12:34,334,S2
TXN0351,194425,Deposit,3804,10/13/2025 9:58,338,S2
TXN0352,164054,Withdrawal,89018,10/7/2025 13:04,327,S3
TXN0353,152252,Deposit,32961,10/20/2025 8:01,185,S4
TXN0354,133087,Loan Payment,67858,10/20/2025 14:41,299,S4
TXN0355,110511,Deposit,52153,10/21/2025 2:18,103,S4
TXN0356,125207,Loan Payment,12834,10/14/2025 10:08,121,S2
TXN0357,186258,Fund Transfer,77133,10/14/2025 13:35,304,S4
TXN0358,122488,Deposit,14670,10/16/2025 23:28,209,S4
TXN0359,189866,Withdrawal,22460,10/18/2025 4:14,390,S1
TXN0360,108381,Withdrawal,85390,10/6/2025 21:54,331,S1
TXN0361,159042,Loan Payment,36358,10/4/2025 10:50,268,S4
TXN0362,126234,Loan Payment,64046,10/4/2025 0:47,301,S4
TXN0363,103089,Fund Transfer,13219,10/18/2025 17:27,358,S1
TXN0364,102473,Fund Transfer,17320,10/9/2025 4:23,91,S4
TXN0365,147111,Deposit,89693,10/14/2025 20:07,370,S2
TXN0366,181111,Loan Payment,39744,10/31/2025 20:27,127,S4
TXN0367,134441,Fund Transfer,52845,10/13/2025 1:42,102,S4
TXN0368,109760,Loan Payment,42846,10/12/2025 16:04,257,S2
TXN0369,104403,Deposit,31504,10/30/2025 23:57,191,S1
TXN0370,112143,Withdrawal,18435,10/22/2025 22:18,166,S1
TXN0371,128750,Fund Transfer,4611,10/11/2025 6:47,361,S2
TXN0372,194347,Loan Payment,82588,10/16/2025 13:07,150,S2
TXN0373,160941,Fund Transfer,25404,10/20/2025 23:12,243,S1
TXN0374,168627,Withdrawal,68002,10/24/2025 20:20,99,S4
TXN0375,160128,Withdrawal,47886,10/2/2025 0:48,187,S2
TXN0376,191855,Loan Payment,31865,10/29/2025 12:08,318,S2
TXN0377,137338,Fund Transfer,60831,10/22/2025 6:43,125,S1
TXN0378,161540,Withdrawal,29863,10/19/2025 14:12,118,S1
TXN0379,103315,Fund Transfer,6784,10/26/2025 5:12,182,S3
TXN0380,151832,Deposit,30763,10/20/2025 13:13,376,S1
TXN0381,190933,Fund Transfer,53001,10/23/2025 20:59,298,S4
TXN0382,128965,Deposit,72688,10/26/2025 20:04,343,S1
TXN0383,190818,Withdrawal,96719,10/13/2025 10:26,145,S1
TXN0384,155975,Fund Transfer,86988,10/20/2025 4:11,397,S4
TXN0385,106156,Fund Transfer,87579,10/4/2025 17:19,398,S3
TXN0386,178923,Fund Transfer,99356,10/21/2025 4:44,337,S4
TXN0387,189153,Loan Payment,76940,10/2/2025 7:51,351,S3
TXN0388,156126,Loan Payment,7124,10/21/2025 16:55,346,S2
TXN0389,188921,Fund Transfer,14961,10/27/2025 0:35,94,S2
TXN0390,137044,Withdrawal,32107,10/27/2025 16:29,376,S2
TXN0391,169828,Fund Transfer,56025,10/17/2025 16:21,144,S1
TXN0392,135539,Withdrawal,66013,10/12/2025 4:28,326,S3
TXN0393,147845,Withdrawal,4687,10/6/2025 7:38,123,S4
TXN0394,180696,Loan Payment,64155,10/23/2025 15:13,324,S3
TXN0395,128951,Loan Payment,45010,10/13/2025 11:08,112,S4
TXN0396,153812,Loan Payment,49092,10/28/2025 9:28,208,S4
TXN0397,128277,Fund Transfer,54698,10/8/2025 16:22,142,S3
TXN0398,150993,Deposit,46521,10/19/2025 13:54,377,S4
TXN0399,195870,Loan Payment,99771,10/4/2025 18:14,270,S3
TXN0400,129413,Withdrawal,6387,10/2/2025 5:08,174,S4
TXN0401,144362,Loan Payment,63351,10/14/2025 12:20,87,S3
TXN0402,105561,Fund Transfer,96625,10/14/2025 3:19,234,S1
TXN0403,173351,Withdrawal,16580,10/4/2025 10:52,108,S4
TXN0404,163706,Withdrawal,38001,10/13/2025 4:50,83,S3
TXN0405,188345,Fund Transfer,66250,10/26/2025 11:22,131,S2
TXN0406,146389,Withdrawal,93032,10/21/2025 13:04,172,S3
TXN0407,171838,Deposit,9062,10/30/2025 4:05,271,S3
TXN0408,172518,Loan Payment,79599,10/3/2025 10:57,365,S2
TXN0409,145067,Deposit,99200,10/9/2025 14:05,133,S3
TXN0410,123988,Fund Transfer,97054,10/30/2025 7:08,383,S3
TXN0411,130183,Loan Payment,63486,10/8/2025 10:48,289,S1
TXN0412,181518,Deposit,81752,10/16/2025 6:28,379,S3
TXN0413,193942,Loan Payment,23611,10/24/2025 4:18,298,S3
TXN0414,100065,Deposit,47847,10/7/2025 23:54,287,S4
TXN0415,178283,Withdrawal,66227,10/27/2025 3:37,225,S4
TXN0416,160679,Fund Transfer,76316,10/13/2025 23:53,209,S1
TXN0417,122144,Withdrawal,71069,10/23/2025 7:15,154,S2
TXN0418,100810,Withdrawal,92728,10/15/2025 10:43,179,S3
TXN0419,118926,Deposit,44639,10/2/2025 16:07,230,S4
TXN0420,104504,Withdrawal,22263,10/27/2025 8:36,381,S2
TXN0421,188638,Loan Payment,53471,10/31/2025 3:36,272,S3
TXN0422,171558,Loan Payment,8088,10/9/2025 15:35,317,S4
TXN0423,199294,Withdrawal,96292,10/28/2025 9:28,380,S4
TXN0424,126696,Fund Transfer,81190,10/13/2025 7:34,400,S4
TXN0425,180956,Withdrawal,65942,10/7/2025 19:35,271,S1
TXN0426,123125,Deposit,98668,10/11/2025 17:17,324,S4
TXN0427,137293,Deposit,68408,10/14/2025 22:35,390,S1
TXN0428,131783,Loan Payment,45601,10/6/2025 5:17,276,S4
TXN0429,189693,Loan Payment,5110,10/1/2025 22:35,111,S2
TXN0430,105893,Fund Transfer,80943,10/2/2025 5:34,373,S1
TXN0431,122976,Deposit,9969,10/30/2025 11:28,86,S2
TXN0432,166761,Fund Transfer,52803,10/24/2025 4:44,372,S2
TXN0433,155387,Deposit,55031,10/9/2025 12:41,303,S1
TXN0434,105765,Withdrawal,74812,10/19/2025 13:16,361,S1
TXN0435,158244,Withdrawal,82937,10/31/2025 20:23,236,S3
TXN0436,140537,Loan Payment,17627,10/6/2025 6:26,290,S4
TXN0437,169170,Withdrawal,68516,10/15/2025 8:41,259,S1
TXN0438,166648,Deposit,64197,10/17/2025 8:38,106,S3
TXN0439,161156,Deposit,82168,10/13/2025 23:06,231,S3
TXN0440,141648,Loan Payment,86808,10/6/2025 21:02,167,S2
TXN0441,138441,Fund Transfer,56355,10/11/2025 12:00,286,S3
TXN0442,123444,Withdrawal,42290,10/12/2025 22:33,137,S1
TXN0443,121688,Withdrawal,47978,10/8/2025 3:43,372,S3
TXN0444,128342,Withdrawal,84107,10/2/2025 1:54,385,S2
TXN0445,104405,Deposit,89539,10/7/2025 2:32,177,S3
TXN0446,144369,Fund Transfer,34835,10/13/2025 23:30,347,S4
TXN0447,117209,Withdrawal,5971,10/19/2025 22:57,97,S1
TXN0448,120959,Fund Transfer,94488,10/26/2025 20:43,237,S3
TXN0449,157118,Loan Payment,68490,10/11/2025 11:08,230,S3
TXN0450,164899,Loan Payment,75689,10/2/2025 1:54,250,S3
TXN0451,107850,Withdrawal,8419,10/6/2025 2:24,257,S2
TXN0452,178789,Fund Transfer,85546,10/12/2025 3:12,88,S1
TXN0453,183201,Deposit,82473,10/3/2025 22:17,106,S4
TXN0454,183160,Withdrawal,50425,10/5/2025 3:33,283,S3
TXN0455,158502,Withdrawal,34223,10/4/2025 16:37,168,S3
TXN0456,112684,Loan Payment,63888,10/14/2025 4:43,383,S4
TXN0457,194081,Withdrawal,16421,10/26/2025 3:35,186,S3
TXN0458,188971,Deposit,67807,10/19/2025 6:21,198,S3
TXN0459,127954,Withdrawal,95920,10/30/2025 14:43,265,S4
TXN0460,140774,Fund Transfer,88398,10/4/2025 8:53,102,S4
TXN0461,136057,Deposit,88663,10/14/2025 1:29,128,S1
TXN0462,169439,Fund Transfer,5208,10/20/2025 19:49,391,S1
TXN0463,161197,Deposit,3282,11/1/2025 6:50,334,S1
TXN0464,147071,Deposit,26443,10/11/2025 1:48,180,S2
TXN0465,125331,Deposit,3499,10/15/2025 2:42,224,S2
TXN0466,103095,Deposit,77195,10/10/2025 14:15,214,S2
TXN0467,159456,Fund Transfer,22860,10/18/2025 1:33,162,S2
TXN0468,131977,Loan Payment,85139,10/10/2025 4:42,248,S1
TXN0469,105477,Fund Transfer,41965,10/31/2025 1:53,227,S2
TXN0470,137941,Fund Transfer,17192,10/11/2025 18:24,247,S4
TXN0471,170783,Withdrawal,26205,10/22/2025 21:59,186,S4
TXN0472,198383,Withdrawal,54352,10/17/2025 22:30,152,S4
TXN0473,190375,Deposit,93106,10/14/2025 3:22,378,S3
TXN0474,153053,Fund Transfer,88251,10/12/2025 9:07,334,S4
TXN0475,124925,Deposit,2433,10/15/2025 8:07,269,S4
TXN0476,195423,Loan Payment,19697,10/22/2025 16:57,336,S2
TXN0477,139108,Loan Payment,52720,10/24/2025 16:34,244,S1
TXN0478,132986,Deposit,46851,10/4/2025 21:10,158,S3
TXN0479,101301,Loan Payment,89579,10/10/2025 16:11,186,S3
TXN0480,153093,Deposit,31456,10/23/2025 18:15,316,S4
TXN0481,146033,Withdrawal,7955,10/13/2025 18:27,238,S1
TXN0482,169109,Loan Payment,29255,10/26/2025 7:36,142,S2
TXN0483,142484,Fund Transfer,61797,10/10/2025 4:36,80,S2
TXN0484,130561,Fund Transfer,59483,10/2/2025 12:28,261,S3
TXN0485,149607,Withdrawal,54724,10/5/2025 6:04,263,S3
TXN0486,125790,Withdrawal,13726,10/6/2025 22:33,106,S1
TXN0487,107851,Deposit,34794,10/30/2025 7:15,140,S2
TXN0488,134048,Withdrawal,51081,10/17/2025 14:57,98,S2
TXN0489,172300,Loan Payment,76692,10/9/2025 9:13,214,S2
TXN0490,172459,Withdrawal,45008,10/8/2025 1:21,84,S1
TXN0491,136423,Loan Payment,36244,10/17/2025 8:49,108,S3
TXN0492,178241,Withdrawal,10233,10/30/2025 2:36,140,S4
TXN0493,188544,Withdrawal,79569,11/1/2025 7:52,173,S4
TXN0494,153120,Loan Payment,39481,10/18/2025 20:30,285,S2
TXN0495,169843,Withdrawal,58257,10/12/2025 16:28,175,S4
TXN0496,124539,Loan Payment,5032,10/10/2025 8:04,355,S2
TXN0497,181215,Loan Payment,22110,10/31/2025 10:33,276,S4
TXN0498,197250,Withdrawal,52428,10/16/2025 19:01,121,S3
TXN0499,103098,Withdrawal,57445,10/2/2025 13:03,288,S1
TXN0500,191059,Fund Transfer,2056,10/23/2025 8:56,381,S2
TXN0501,172497,Loan Payment,57662,10/15/2025 9:37,126,S3
TXN0502,191531,Fund Transfer,24676,10/19/2025 17:32,376,S4
TXN0503,189083,Fund Transfer,5903,10/31/2025 19:26,195,S4
TXN0504,175445,Withdrawal,89584,10/6/2025 15:00,83,S4
TXN0505,154224,Deposit,58644,10/25/2025 5:14,86,S4
TXN0506,198937,Withdrawal,64416,10/19/2025 20:56,102,S1
TXN0507,168618,Loan Payment,69969,10/21/2025 22:12,365,S4
TXN0508,176483,Deposit,25164,10/25/2025 4:13,82,S2
TXN0509,153010,Loan Payment,41881,10/10/2025 10:57,349,S4
TXN0510,104549,Loan Payment,89250,10/15/2025 1:43,95,S3
TXN0511,130557,Fund Transfer,55594,10/1/2025 20:38,239,S4
TXN0512,118564,Fund Transfer,21456,10/19/2025 13:14,194,S1
TXN0513,126518,Withdrawal,51540,10/16/2025 16:23,84,S1
TXN0514,185311,Deposit,43412,10/18/2025 21:04,241,S2
TXN0515,183732,Withdrawal,21208,10/16/2025 0:05,319,S3
TXN0516,197648,Deposit,13134,10/31/2025 8:34,150,S3
TXN0517,167059,Deposit,31746,10/2/2025 17:29,106,S4
TXN0518,193344,Deposit,14841,10/7/2025 17:18,147,S4
TXN0519,152848,Withdrawal,92658,10/27/2025 18:50,218,S1
TXN0520,167639,Fund Transfer,29939,10/4/2025 6:17,100,S1
TXN0521,194100,Loan Payment,11420,10/16/2025 22:04,137,S4
TXN0522,167565,Deposit,81173,10/25/2025 18:33,105,S1
TXN0523,117550,Deposit,94745,10/21/2025 15:00,161,S2
TXN0524,152179,Deposit,77991,10/7/2025 2:12,144,S1
TXN0525,126748,Withdrawal,85160,10/27/2025 12:37,276,S3
TXN0526,116005,Deposit,77417,10/5/2025 21:12,262,S2
TXN0527,112894,Withdrawal,22492,10/19/2025 11:18,156,S4
TXN0528,173079,Loan Payment,92705,10/24/2025 9:45,197,S3
TXN0529,162347,Deposit,44508,10/29/2025 6:16,393,S2
TXN0530,190158,Loan Payment,65404,10/15/2025 18:02,259,S1
TXN0531,171664,Deposit,57950,10/3/2025 19:55,328,S3
TXN0532,181911,Fund Transfer,87660,10/18/2025 10:21,338,S3
TXN0533,188395,Withdrawal,58866,10/3/2025 1:35,280,S1
TXN0534,176632,Loan Payment,22822,10/19/2025 13:31,273,S1
TXN0535,125000,Deposit,97108,10/20/2025 3:35,144,S3
TXN0536,147934,Fund Transfer,55223,10/27/2025 22:21,261,S4
TXN0537,140576,Withdrawal,66919,10/9/2025 0:27,93,S1
TXN0538,111666,Deposit,39049,10/7/2025 21:30,236,S1
TXN0539,113188,Fund Transfer,70498,10/5/2025 4:42,169,S4
TXN0540,123539,Deposit,69659,10/11/2025 12:46,367,S1
TXN0541,186278,Withdrawal,16847,10/2/2025 2:40,256,S3
TXN0542,141064,Withdrawal,68171,10/31/2025 1:43,348,S4
TXN0543,154263,Loan Payment,93144,10/1/2025 13:27,361,S4
TXN0544,180700,Fund Transfer,85975,10/29/2025 3:02,100,S1
TXN0545,146188,Loan Payment,90883,10/21/2025 4:05,147,S4
TXN0546,161376,Deposit,1324,10/23/2025 0:08,151,S4
TXN0547,143101,Fund Transfer,33367,10/20/2025 6:25,139,S3
TXN0548,188617,Fund Transfer,30818,10/8/2025 3:12,156,S3
TXN0549,123842,Fund Transfer,59757,10/3/2025 6:43,167,S3
TXN0550,106703,Fund Transfer,17558,10/28/2025 20:18,269,S3
TXN0551,180482,Withdrawal,60239,10/15/2025 11:44,83,S4
TXN0552,136811,Withdrawal,57794,10/7/2025 19:45,132,S1
TXN0553,113219,Deposit,80184,10/15/2025 12:41,199,S2
TXN0554,194449,Loan Payment,4955,10/22/2025 9:27,333,S3
TXN0555,125323,Withdrawal,47588,10/12/2025 22:25,249,S1
TXN0556,155927,Deposit,41948,10/5/2025 0:30,394,S3
TXN0557,145107,Deposit,85567,10/7/2025 16:38,114,S4
TXN0558,156257,Deposit,18541,10/6/2025 13:27,135,S1
TXN0559,117338,Withdrawal,43391,10/19/2025 8:40,192,S4
TXN0560,157896,Withdrawal,86964,10/1/2025 17:49,234,S4
TXN0561,186877,Loan Payment,17300,10/11/2025 4:30,128,S2
TXN0562,102578,Loan Payment,39679,10/6/2025 21:33,105,S1
TXN0563,156597,Withdrawal,95288,10/18/2025 13:32,394,S2
TXN0564,147598,Fund Transfer,25658,10/22/2025 9:55,225,S1
TXN0565,166090,Withdrawal,76648,10/14/2025 14:57,208,S3
TXN0566,105240,Withdrawal,72677,10/22/2025 9:26,115,S1
TXN0567,193600,Fund Transfer,61082,10/6/2025 9:03,395,S4
TXN0568,161960,Withdrawal,51819,10/1/2025 8:54,230,S4
TXN0569,107155,Deposit,77980,10/31/2025 10:19,378,S2
TXN0570,138302,Deposit,45613,10/9/2025 22:59,121,S1
TXN0571,132863,Withdrawal,32736,10/3/2025 16:45,191,S2
TXN0572,164854,Deposit,9201,10/7/2025 10:41,141,S1
TXN0573,194033,Deposit,29053,10/4/2025 17:37,283,S4
TXN0574,129271,Loan Payment,51758,10/4/2025 19:15,196,S1
TXN0575,142814,Fund Transfer,96351,10/2/2025 15:40,119,S4
TXN0576,101631,Fund Transfer,30568,10/30/2025 16:52,97,S2
TXN0577,125354,Deposit,68261,10/10/2025 22:12,155,S1
TXN0578,131591,Fund Transfer,74327,10/2/2025 22:01,210,S3
TXN0579,162884,Fund Transfer,62852,10/30/2025 19:19,202,S1
TXN0580,123417,Fund Transfer,48459,10/13/2025 9:13,101,S3
TXN0581,195815,Withdrawal,92864,10/26/2025 9:23,129,S2
TXN0582,118491,Loan Payment,96443,10/23/2025 7:02,301,S4
TXN0583,198495,Deposit,42239,10/11/2025 15:58,194,S1
TXN0584,160584,Withdrawal,61182,10/20/2025 21:26,399,S3
TXN0585,119992,Withdrawal,65412,10/7/2025 0:11,180,S4
TXN0586,179284,Fund Transfer,46640,10/6/2025 17:07,89,S4
TXN0587,103586,Withdrawal,3499,10/9/2025 0:19,177,S2
TXN0588,152231,Deposit,2327,10/11/2025 2:38,256,S3
TXN0589,141020,Deposit,77739,10/8/2025 17:55,231,S2
TXN0590,123333,Withdrawal,84618,10/13/2025 13:08,146,S1
TXN0591,167140,Fund Transfer,69306,10/21/2025 9:20,173,S1
TXN0592,109731,Fund Transfer,46639,10/25/2025 5:00,373,S2
TXN0593,145728,Withdrawal,4271,10/19/2025 1:03,378,S3
TXN0594,100311,Fund Transfer,44592,10/10/2025 16:25,151,S1
TXN0595,115939,Withdrawal,27901,10/6/2025 15:24,216,S2
TXN0596,115394,Withdrawal,56570,10/9/2025 5:04,143,S4
TXN0597,160123,Fund Transfer,38330,10/14/2025 1:53,154,S3
TXN0598,135157,Deposit,95727,10/13/2025 20:26,177,S3
TXN0599,147325,Loan Payment,33911,10/7/2025 5:58,208,S3
TXN0600,133521,Fund Transfer,33770,10/8/2025 14:15,103,S2
TXN0601,173660,Loan Payment,16937,10/9/2025 23:09,190,S1
TXN0602,154387,Withdrawal,26469,10/28/2025 13:22,150,S3
TXN0603,177910,Loan Payment,77219,10/6/2025 0:19,171,S1
TXN0604,132211,Deposit,26625,10/31/2025 8:50,182,S2
TXN0605,184883,Withdrawal,22997,10/3/2025 16:48,342,S1
TXN0606,158737,Withdrawal,24294,10/31/2025 14:18,362,S3
TXN0607,146506,Loan Payment,6115,10/12/2025 21:02,382,S1
TXN0608,166088,Fund Transfer,54838,10/17/2025 10:18,330,S3
TXN0609,134432,Loan Payment,13439,10/14/2025 1:08,215,S4
TXN0610,113252,Fund Transfer,14110,10/10/2025 17:13,151,S4
TXN0611,151139,Withdrawal,83858,10/29/2025 6:54,353,S2
TXN0612,128344,Withdrawal,3955,10/18/2025 13:17,277,S1
TXN0613,171390,Deposit,15804,10/3/2025 0:19,147,S1
TXN0614,198303,Loan Payment,70374,10/28/2025 16:26,136,S4
TXN0615,116577,Deposit,37297,10/20/2025 17:56,346,S4
TXN0616,104506,Loan Payment,91169,10/26/2025 8:22,251,S3
TXN0617,112920,Withdrawal,99685,10/23/2025 6:12,251,S3
TXN0618,114267,Deposit,89760,10/15/2025 3:42,200,S3
TXN0619,145662,Withdrawal,98769,10/19/2025 6:20,110,S4
TXN0620,142820,Fund Transfer,54470,10/17/2025 18:10,373,S2
TXN0621,184145,Loan Payment,64473,10/16/2025 23:56,283,S1
TXN0622,190658,Withdrawal,60139,10/31/2025 8:43,118,S2
TXN0623,183810,Loan Payment,58103,10/2/2025 11:49,303,S4
TXN0624,144641,Deposit,61910,10/26/2025 23:06,227,S4
TXN0625,130905,Loan Payment,92866,10/18/2025 4:20,173,S3
TXN0626,138401,Withdrawal,1632,10/23/2025 14:04,289,S3
TXN0627,144539,Deposit,61048,10/24/2025 0:49,115,S4
TXN0628,187017,Fund Transfer,28645,10/23/2025 17:31,265,S2
TXN0629,124379,Loan Payment,73150,10/16/2025 4:08,348,S2
TXN0630,185816,Loan Payment,78561,10/7/2025 10:37,208,S4
TXN0631,193896,Loan Payment,4634,10/16/2025 3:56,133,S2
TXN0632,139068,Deposit,30831,10/26/2025 20:04,99,S1
TXN0633,144782,Fund Transfer,15477,10/25/2025 20:58,263,S1
TXN0634,198726,Deposit,42049,10/27/2025 4:39,289,S4
TXN0635,172297,Deposit,61377,10/26/2025 4:59,165,S2
TXN0636,178061,Withdrawal,93149,10/10/2025 4:17,242,S4
TXN0637,102326,Loan Payment,53076,10/27/2025 18:08,253,S1
TXN0638,165085,Deposit,68599,10/18/2025 0:59,245,S3
TXN0639,161569,Withdrawal,25052,10/6/2025 8:09,149,S3
TXN0640,181789,Loan Payment,57165,10/14/2025 2:05,149,S4
TXN0641,120676,Loan Payment,5182,10/11/2025 11:31,267,S2
TXN0642,112732,Loan Payment,51400,10/9/2025 21:32,181,S1
TXN0643,134626,Withdrawal,88261,10/28/2025 19:15,315,S1
TXN0644,197053,Withdrawal,66582,10/30/2025 19:48,90,S1
TXN0645,104550,Deposit,80421,10/31/2025 18:06,263,S1
TXN0646,189719,Deposit,18842,10/8/2025 10:30,161,S1
TXN0647,122173,Withdrawal,77726,10/21/2025 17:33,112,S4
TXN0648,149856,Loan Payment,55841,10/1/2025 21:41,175,S3
TXN0649,162595,Withdrawal,87163,10/26/2025 5:40,359,S1
TXN0650,196579,Withdrawal,18210,10/22/2025 19:44,129,S1
TXN0651,153643,Withdrawal,70232,10/10/2025 13:03,181,S1
TXN0652,126619,Deposit,89434,10/26/2025 22:23,241,S4
TXN0653,134693,Deposit,28789,10/18/2025 5:06,212,S2
TXN0654,168366,Withdrawal,34236,10/22/2025 2:25,333,S2
TXN0655,165577,Fund Transfer,36270,10/5/2025 23:58,165,S4
TXN0656,152025,Fund Transfer,61952,10/23/2025 9:10,206,S4
TXN0657,161359,Withdrawal,29942,10/11/2025 0:11,170,S1
TXN0658,143012,Deposit,72573,10/13/2025 6:29,165,S4
TXN0659,176316,Withdrawal,12845,10/20/2025 13:59,116,S2
TXN0660,128891,Fund Transfer,24009,10/2/2025 10:25,367,S2
TXN0661,139136,Withdrawal,65526,10/9/2025 12:39,144,S3
TXN0662,198569,Loan Payment,16377,10/10/2025 5:39,278,S1
TXN0663,178140,Deposit,53027,10/9/2025 20:31,182,S4
TXN0664,198636,Deposit,19679,10/30/2025 5:54,307,S3
TXN0665,190172,Withdrawal,34194,10/27/2025 15:21,208,S2
TXN0666,102388,Loan Payment,45644,10/1/2025 8:18,255,S2
TXN0667,189597,Loan Payment,42736,10/6/2025 10:37,368,S4
TXN0668,120012,Loan Payment,23084,10/9/2025 0:32,215,S1
TXN0669,192605,Fund Transfer,28468,10/29/2025 22:07,140,S3
TXN0670,169212,Fund Transfer,13671,10/24/2025 1:24,253,S2
TXN0671,190014,Loan Payment,95302,10/8/2025 14:17,120,S3
TXN0672,196846,Loan Payment,28019,10/17/2025 8:57,173,S4
TXN0673,159152,Withdrawal,1022,10/3/2025 5:00,365,S3
TXN0674,163454,Loan Payment,65987,10/26/2025 20:22,357,S3
TXN0675,108225,Deposit,79380,10/15/2025 23:13,317,S2
TXN0676,141259,Loan Payment,41976,10/6/2025 20:58,400,S2
TXN0677,168368,Withdrawal,19698,10/14/2025 23:03,259,S2
TXN0678,141859,Deposit,94222,10/5/2025 14:49,286,S4
TXN0679,175848,Loan Payment,98280,10/31/2025 12:15,103,S2
TXN0680,164765,Withdrawal,39301,10/26/2025 12:41,391,S2
TXN0681,115347,Deposit,63336,10/17/2025 19:48,280,S4
TXN0682,191316,Fund Transfer,8668,10/24/2025 17:40,330,S1
TXN0683,134862,Loan Payment,70170,10/9/2025 21:08,374,S4
TXN0684,153800,Deposit,39557,10/15/2025 17:53,182,S1
TXN0685,172255,Withdrawal,97358,10/10/2025 12:01,233,S3
TXN0686,197164,Withdrawal,75961,10/10/2025 23:19,364,S4
TXN0687,112634,Withdrawal,67829,10/23/2025 15:50,105,S3
TXN0688,128222,Deposit,77765,10/30/2025 1:29,260,S3
TXN0689,103482,Withdrawal,18965,10/19/2025 21:45,390,S4
TXN0690,182040,Withdrawal,15848,10/7/2025 9:47,304,S4
TXN0691,167907,Loan Payment,98367,10/21/2025 11:28,135,S3
TXN0692,102708,Loan Payment,83635,10/2/2025 6:40,182,S3
TXN0693,171002,Fund Transfer,59778,10/24/2025 8:26,238,S2
TXN0694,128030,Withdrawal,2823,10/4/2025 8:03,158,S1
TXN0695,133220,Fund Transfer,43329,10/1/2025 15:58,190,S3
TXN0696,183461,Deposit,7381,10/7/2025 21:11,377,S1
TXN0697,142187,Fund Transfer,7860,10/12/2025 3:21,118,S4
TXN0698,112654,Withdrawal,26977,10/6/2025 1:49,160,S2
TXN0699,122200,Deposit,10451,10/25/2025 1:59,152,S4
TXN0700,193605,Loan Payment,5798,10/4/2025 4:10,235,S2
TXN0701,177191,Loan Payment,81086,10/17/2025 3:35,273,S4
TXN0702,168131,Fund Transfer,37509,10/31/2025 14:06,130,S2
TXN0703,116676,Withdrawal,30856,10/11/2025 3:53,171,S1
TXN0704,114119,Withdrawal,88446,10/18/2025 6:51,81,S1
TXN0705,174656,Withdrawal,8261,10/24/2025 7:06,257,S1
TXN0706,179396,Deposit,10626,10/15/2025 8:24,183,S1
TXN0707,110361,Loan Payment,97150,10/16/2025 9:00,255,S3
TXN0708,192898,Fund Transfer,34647,10/2/2025 0:01,304,S2
TXN0709,193510,Withdrawal,66194,10/25/2025 8:50,399,S1
TXN0710,170766,Fund Transfer,53495,10/24/2025 9:40,393,S1
TXN0711,125814,Withdrawal,26045,10/1/2025 15:18,99,S2
TXN0712,166187,Withdrawal,58774,10/19/2025 22:46,119,S2
TXN0713,177190,Withdrawal,97660,10/3/2025 13:56,124,S3
TXN0714,198057,Fund Transfer,97144,10/9/2025 15:21,274,S2
TXN0715,117467,Withdrawal,24455,10/18/2025 22:26,81,S1
TXN0716,161728,Fund Transfer,93701,10/14/2025 8:49,91,S1
TXN0717,130701,Fund Transfer,29671,10/16/2025 18:44,320,S3
TXN0718,122231,Deposit,6389,10/18/2025 6:42,262,S4
TXN0719,117224,Withdrawal,8025,10/19/2025 13:10,135,S3
TXN0720,129183,Withdrawal,49027,10/12/2025 15:50,311,S4
TXN0721,180135,Withdrawal,48709,10/9/2025 19:30,91,S4
TXN0722,165535,Deposit,76562,10/10/2025 2:38,229,S4
TXN0723,161710,Fund Transfer,87652,10/17/2025 18:11,112,S4
TXN0724,106926,Loan Payment,14957,10/17/2025 2:52,246,S4
TXN0725,185860,Deposit,56347,10/29/2025 6:30,179,S2
TXN0726,132377,Fund Transfer,10377,10/31/2025 15:15,344,S1
TXN0727,113801,Loan Payment,58175,10/27/2025 11:12,138,S3
TXN0728,192199,Deposit,16810,10/7/2025 0:17,399,S2
TXN0729,180779,Fund Transfer,54923,10/14/2025 6:48,152,S3
TXN0730,161828,Loan Payment,90195,10/1/2025 23:47,399,S1
TXN0731,145236,Deposit,96200,10/17/2025 10:07,207,S1
TXN0732,118262,Withdrawal,74801,10/8/2025 2:30,281,S1
TXN0733,104925,Fund Transfer,43029,10/21/2025 6:29,276,S1
TXN0734,113291,Loan Payment,2308,10/1/2025 21:59,212,S3
TXN0735,126368,Withdrawal,20518,10/19/2025 6:11,272,S1
TXN0736,141126,Deposit,69366,10/14/2025 1:39,379,S3
TXN0737,194899,Withdrawal,67512,10/4/2025 20:14,358,S1
TXN0738,140587,Deposit,10016,10/16/2025 11:13,349,S4
TXN0739,104598,Loan Payment,64069,10/1/2025 11:59,126,S2
TXN0740,184193,Withdrawal,14249,10/9/2025 6:57,298,S4
TXN0741,127278,Loan Payment,36557,10/12/2025 17:58,223,S3
TXN0742,176337,Fund Transfer,71067,10/23/2025 5:39,290,S2
TXN0743,128987,Deposit,24882,10/22/2025 13:28,166,S4
TXN0744,100589,Deposit,41098,10/28/2025 13:13,235,S3
TXN0745,150716,Deposit,36973,10/22/2025 1:44,127,S4
TXN0746,160027,Loan Payment,98662,10/25/2025 20:14,264,S3
TXN0747,127233,Fund Transfer,19973,10/16/2025 3:32,297,S4
TXN0748,109121,Deposit,51328,10/14/2025 4:42,350,S1
TXN0749,123896,Loan Payment,66973,10/28/2025 6:20,188,S2
TXN0750,133999,Loan Payment,18152,10/24/2025 15:19,252,S4
TXN0751,176155,Deposit,15265,10/26/2025 9:43,331,S2
TXN0752,147080,Fund Transfer,89066,10/5/2025 11:47,232,S4
TXN0753,193273,Loan Payment,23929,10/29/2025 8:01,353,S3
TXN0754,192619,Deposit,95155,10/20/2025 2:10,110,S4
TXN0755,127141,Withdrawal,80889,10/19/2025 7:08,251,S3
TXN0756,132714,Loan Payment,33376,10/15/2025 0:51,256,S2
TXN0757,154394,Deposit,47422,10/18/2025 7:53,139,S4
TXN0758,128241,Loan Payment,41454,10/15/2025 12:37,264,S1
TXN0759,141409,Withdrawal,41472,10/27/2025 6:52,122,S4
TXN0760,150116,Fund Transfer,88250,10/4/2025 9:55,103,S1
TXN0761,158981,Fund Transfer,90258,10/29/2025 2:22,388,S3
TXN0762,118204,Withdrawal,1320,10/29/2025 17:56,376,S2
TXN0763,150500,Loan Payment,28723,10/12/2025 22:03,111,S2
TXN0764,186799,Withdrawal,6591,10/16/2025 17:32,344,S2
TXN0765,147709,Withdrawal,51516,10/8/2025 0:37,131,S3
TXN0766,199945,Withdrawal,68968,10/4/2025 23:30,149,S2
TXN0767,187195,Loan Payment,64562,10/29/2025 13:55,173,S4
TXN0768,181084,Withdrawal,25544,10/16/2025 15:10,294,S4
TXN0769,115707,Withdrawal,46345,10/1/2025 9:38,376,S3
TXN0770,135165,Deposit,79263,10/24/2025 18:27,274,S2
TXN0771,104794,Fund Transfer,3956,10/10/2025 17:33,193,S1
TXN0772,192627,Loan Payment,4863,10/29/2025 1:31,94,S2
TXN0773,130699,Withdrawal,60233,10/13/2025 23:33,118,S2
TXN0774,193709,Fund Transfer,62420,10/14/2025 6:08,193,S4
TXN0775,160328,Fund Transfer,7977,10/22/2025 15:40,346,S1
TXN0776,190622,Fund Transfer,25645,10/28/2025 4:23,272,S4
TXN0777,165269,Deposit,14592,10/13/2025 18:23,269,S3
TXN0778,121686,Fund Transfer,83794,10/5/2025 0:55,368,S1
TXN0779,107257,Fund Transfer,20978,10/9/2025 0:54,167,S2
TXN0780,171828,Fund Transfer,39081,10/1/2025 13:09,223,S2
TXN0781,118933,Fund Transfer,61671,10/9/2025 7:42,156,S2
TXN0782,191869,Deposit,59556,10/23/2025 16:03,348,S4
TXN0783,115088,Withdrawal,99515,10/2/2025 23:19,141,S3
TXN0784,175449,Deposit,3747,10/27/2025 18:25,305,S3
TXN0785,150165,Deposit,71168,10/20/2025 2:03,346,S2
TXN0786,160047,Withdrawal,22262,10/8/2025 21:12,361,S1
TXN0787,119057,Withdrawal,46536,10/21/2025 4:05,379,S2
TXN0788,147144,Fund Transfer,20648,10/5/2025 19:51,193,S3
TXN0789,185280,Withdrawal,41428,10/24/2025 15:52,309,S1
TXN0790,156439,Loan Payment,60445,10/2/2025 0:46,124,S4
TXN0791,196834,Loan Payment,40442,10/6/2025 2:29,314,S4
TXN0792,183667,Deposit,7693,10/7/2025 14:22,251,S1
TXN0793,190050,Fund Transfer,12564,10/14/2025 7:04,307,S3
TXN0794,131871,Fund Transfer,52491,10/15/2025 17:49,136,S1
TXN0795,148699,Withdrawal,93504,10/26/2025 9:30,148,S4
TXN0796,110336,Deposit,93185,10/10/2025 23:13,169,S4
TXN0797,108408,Loan Payment,31155,10/5/2025 16:26,220,S4
TXN0798,184382,Withdrawal,70537,10/21/2025 20:21,173,S1
TXN0799,114816,Withdrawal,71841,10/19/2025 15:28,283,S2
TXN0800,153861,Loan Payment,16286,10/28/2025 9:33,270,S3
TXN0801,188798,Withdrawal,61558,10/8/2025 2:08,87,S3
TXN0802,171844,Deposit,48687,10/29/2025 17:42,202,S4
TXN0803,173699,Withdrawal,30391,10/23/2025 9:30,81,S1
TXN0804,103223,Withdrawal,59435,10/26/2025 0:19,144,S3
TXN0805,102806,Fund Transfer,64627,10/27/2025 4:26,199,S2
TXN0806,163894,Withdrawal,94558,10/10/2025 8:53,395,S1
TXN0807,148669,Deposit,92752,10/16/2025 1:28,107,S3
TXN0808,188860,Deposit,22889,10/16/2025 7:05,319,S3
TXN0809,135669,Fund Transfer,76648,11/1/2025 3:01,212,S3
TXN0810,160199,Loan Payment,25785,10/31/2025 23:53,187,S3
TXN0811,117526,Fund Transfer,26752,10/14/2025 11:14,356,S1
TXN0812,134449,Fund Transfer,57995,10/14/2025 5:29,174,S1
TXN0813,169686,Withdrawal,79708,10/29/2025 13:08,278,S4
TXN0814,120513,Loan Payment,81231,10/19/2025 19:59,127,S2
TXN0815,177179,Deposit,70988,10/13/2025 10:58,101,S4
TXN0816,106332,Loan Payment,96823,10/15/2025 18:47,88,S1
TXN0817,161341,Withdrawal,25619,10/30/2025 3:43,215,S1
TXN0818,186378,Withdrawal,44893,10/23/2025 10:09,245,S1
TXN0819,142515,Deposit,2097,10/1/2025 8:23,214,S4
TXN0820,129539,Withdrawal,57183,10/30/2025 15:17,168,S1
TXN0821,193084,Fund Transfer,18236,10/4/2025 3:58,392,S1
TXN0822,117712,Deposit,74183,10/22/2025 22:12,244,S3
TXN0823,148266,Fund Transfer,29612,10/18/2025 11:53,175,S3
TXN0824,159709,Deposit,99157,10/9/2025 21:07,100,S4
TXN0825,147937,Fund Transfer,87902,10/26/2025 7:13,109,S4
TXN0826,100306,Fund Transfer,72979,10/5/2025 8:15,298,S3
TXN0827,165170,Deposit,39940,10/14/2025 19:19,329,S4
TXN0828,169720,Deposit,18136,10/21/2025 3:21,295,S4
TXN0829,134400,Deposit,99393,10/17/2025 10:34,270,S2
TXN0830,134030,Loan Payment,36437,10/19/2025 7:13,378,S1
TXN0831,127255,Deposit,68510,10/26/2025 12:58,397,S2
TXN0832,141567,Deposit,32700,10/20/2025 15:43,103,S2
TXN0833,148605,Withdrawal,74359,10/23/2025 5:56,358,S3
TXN0834,163123,Deposit,79280,10/15/2025 12:47,173,S4
TXN0835,175142,Deposit,8377,10/8/2025 19:01,254,S3
TXN0836,122017,Withdrawal,54897,10/5/2025 18:25,87,S2
TXN0837,107722,Fund Transfer,81202,10/17/2025 9:35,250,S3
TXN0838,162966,Deposit,23376,10/10/2025 16:47,231,S4
TXN0839,173046,Deposit,77824,10/19/2025 18:10,263,S2
TXN0840,123359,Withdrawal,5109,10/4/2025 2:16,319,S2
TXN0841,180388,Fund Transfer,95578,10/28/2025 7:11,326,S4
TXN0842,155815,Loan Payment,99227,10/9/2025 7:11,374,S4
TXN0843,193675,Deposit,22000,10/9/2025 22:42,369,S1
TXN0844,169469,Deposit,87847,10/10/2025 12:53,126,S1
TXN0845,118646,Withdrawal,84070,10/20/2025 16:05,100,S3
TXN0846,144136,Deposit,95988,10/16/2025 8:27,91,S1
TXN0847,148843,Fund Transfer,35106,10/3/2025 20:39,161,S3
TXN0848,135203,Fund Transfer,43582,10/22/2025 8:14,394,S3
TXN0849,108324,Loan Payment,23140,10/16/2025 11:36,108,S2
TXN0850,192224,Fund Transfer,68538,10/22/2025 10:22,145,S4
TXN0851,112755,Withdrawal,5017,10/28/2025 0:32,92,S1
TXN0852,104954,Fund Transfer,32180,10/13/2025 11:25,215,S1
TXN0853,135075,Deposit,96770,10/26/2025 10:56,398,S2
TXN0854,160254,Withdrawal,19001,10/30/2025 18:06,128,S1
TXN0855,171432,Deposit,72634,10/9/2025 21:48,340,S4
TXN0856,128335,Fund Transfer,60625,10/27/2025 16:38,127,S4
TXN0857,113277,Deposit,30176,10/24/2025 5:22,331,S1
TXN0858,119732,Withdrawal,93359,10/31/2025 14:59,138,S1
TXN0859,176435,Withdrawal,54169,10/28/2025 6:49,308,S2
TXN0860,134964,Loan Payment,79274,10/30/2025 1:15,89,S2
TXN0861,135438,Fund Transfer,2056,10/2/2025 14:19,93,S2
TXN0862,129815,Deposit,88002,10/29/2025 7:32,299,S3
TXN0863,169282,Withdrawal,91307,10/9/2025 22:13,283,S4
TXN0864,167336,Fund Transfer,51324,10/5/2025 15:28,174,S3
TXN0865,158298,Loan Payment,1192,10/29/2025 16:31,223,S2
TXN0866,164914,Loan Payment,46774,10/14/2025 19:53,394,S1
TXN0867,145950,Loan Payment,94983,10/22/2025 14:54,394,S4
TXN0868,170875,Deposit,68047,10/13/2025 16:39,100,S1
TXN0869,151002,Withdrawal,86768,10/9/2025 8:11,313,S2
TXN0870,175194,Fund Transfer,10338,10/22/2025 9:15,304,S3
TXN0871,155730,Fund Transfer,68214,10/25/2025 22:33,158,S4
TXN0872,147812,Deposit,3346,10/12/2025 9:20,95,S1
TXN0873,112332,Withdrawal,58179,10/20/2025 14:33,225,S2
TXN0874,179494,Loan Payment,87391,10/2/2025 23:39,249,S1
TXN0875,143828,Deposit,51106,10/1/2025 19:43,197,S3
TXN0876,129672,Withdrawal,40445,10/28/2025 18:24,385,S3
TXN0877,116109,Deposit,42364,10/31/2025 16:29,143,S4
TXN0878,132418,Loan Payment,30367,10/28/2025 5:33,129,S1
TXN0879,131521,Loan Payment,8696,10/27/2025 4:24,341,S2
TXN0880,176086,Deposit,52687,10/27/2025 23:30,92,S1
TXN0881,142303,Loan Payment,24610,10/23/2025 7:54,395,S1
TXN0882,154578,Fund Transfer,15400,10/28/2025 11:44,388,S4
TXN0883,117036,Loan Payment,5383,10/20/2025 21:44,329,S4
TXN0884,162766,Loan Payment,91872,10/30/2025 6:04,203,S2
TXN0885,131455,Loan Payment,14243,10/15/2025 4:16,207,S3
TXN0886,185817,Deposit,82220,10/22/2025 11:23,257,S3
TXN0887,130456,Fund Transfer,11672,11/1/2025 2:09,225,S3
TXN0888,175020,Loan Payment,88910,10/23/2025 22:36,128,S1
TXN0889,156495,Withdrawal,70977,10/9/2025 4:03,136,S4
TXN0890,110811,Withdrawal,78579,10/2/2025 6:25,339,S3
TXN0891,190308,Deposit,16877,10/16/2025 12:19,201,S1
TXN0892,149952,Fund Transfer,10529,10/10/2025 13:45,149,S4
TXN0893,161229,Withdrawal,47685,10/4/2025 16:56,245,S2
TXN0894,127167,Withdrawal,90988,10/15/2025 20:53,315,S4
TXN0895,171049,Withdrawal,2466,10/10/2025 19:19,209,S3
TXN0896,140148,Fund Transfer,57630,10/5/2025 19:40,338,S2
TXN0897,133580,Deposit,2683,10/26/2025 10:13,309,S4
TXN0898,107565,Fund Transfer,73176,10/14/2025 17:13,168,S2
TXN0899,103992,Fund Transfer,95928,10/16/2025 0:49,88,S1
TXN0900,147222,Deposit,1188,10/29/2025 22:42,261,S4
TXN0901,148808,Deposit,36602,10/12/2025 11:20,358,S2
TXN0902,171549,Loan Payment,40090,10/20/2025 9:56,283,S3
TXN0903,110054,Fund Transfer,16340,10/10/2025 19:25,355,S3
TXN0904,132267,Loan Payment,33892,10/2/2025 16:37,378,S1
TXN0905,138342,Deposit,62200,10/29/2025 0:39,168,S2
TXN0906,157333,Loan Payment,61910,10/25/2025 12:37,268,S4
TXN0907,130961,Withdrawal,65064,10/27/2025 18:33,351,S1
TXN0908,118239,Fund Transfer,57506,11/1/2025 4:10,382,S3
TXN0909,181163,Fund Transfer,75056,10/27/2025 23:23,269,S2
TXN0910,188379,Fund Transfer,8223,10/16/2025 6:41,178,S1
TXN0911,107041,Fund Transfer,34103,10/8/2025 4:24,103,S4
TXN0912,132275,Deposit,77556,10/9/2025 18:56,242,S1
TXN0913,160963,Loan Payment,27538,10/16/2025 14:10,118,S3
TXN0914,158095,Fund Transfer,91923,10/18/2025 7:48,282,S2
TXN0915,186852,Loan Payment,61938,10/7/2025 7:56,129,S3
TXN0916,177736,Loan Payment,13318,10/27/2025 16:37,380,S4
TXN0917,170937,Deposit,3699,10/30/2025 12:39,354,S1
TXN0918,108134,Withdrawal,51451,10/11/2025 7:58,201,S1
TXN0919,164178,Deposit,90221,10/8/2025 6:58,240,S2
TXN0920,188459,Withdrawal,7344,10/26/2025 22:00,100,S4
TXN0921,148158,Loan Payment,4742,10/29/2025 3:48,264,S3
TXN0922,131066,Withdrawal,63007,10/17/2025 18:42,307,S2
TXN0923,110046,Deposit,61590,10/17/2025 10:27,324,S1
TXN0924,179126,Fund Transfer,24094,10/10/2025 1:15,217,S2
TXN0925,100860,Loan Payment,35981,10/15/2025 13:50,117,S1
TXN0926,108408,Deposit,15580,10/30/2025 17:46,393,S1
TXN0927,109915,Loan Payment,83391,10/28/2025 4:21,228,S1
TXN0928,144011,Withdrawal,64498,10/21/2025 6:39,399,S4
TXN0929,194946,Loan Payment,34757,10/22/2025 7:07,253,S4
TXN0930,141546,Deposit,14339,10/27/2025 4:58,160,S2
TXN0931,186719,Withdrawal,37762,10/27/2025 14:18,257,S2
TXN0932,182857,Withdrawal,54696,10/27/2025 21:58,282,S2
TXN0933,105416,Fund Transfer,38180,10/13/2025 3:13,107,S1
TXN0934,185459,Deposit,68227,10/4/2025 22:20,292,S4
TXN0935,154981,Loan Payment,70051,10/6/2025 21:02,271,S3
TXN0936,126070,Fund Transfer,25325,10/5/2025 5:05,256,S4
TXN0937,182140,Loan Payment,26460,10/2/2025 4:15,228,S2
TXN0938,132917,Fund Transfer,86191,10/2/2025 1:22,171,S3
TXN0939,185076,Fund Transfer,64053,10/16/2025 20:10,220,S3
TXN0940,111171,Loan Payment,25910,10/6/2025 1:56,190,S2
TXN0941,153036,Withdrawal,71835,10/12/2025 5:11,325,S2
TXN0942,104856,Fund Transfer,6512,10/4/2025 8:52,168,S1
TXN0943,148187,Fund Transfer,50444,10/10/2025 10:01,395,S2
TXN0944,151356,Withdrawal,64356,10/4/2025 23:19,222,S4
TXN0945,162947,Fund Transfer,41400,10/31/2025 4:24,186,S4
TXN0946,182840,Loan Payment,51469,10/22/2025 9:13,146,S1
TXN0947,103872,Withdrawal,45067,10/8/2025 20:25,127,S3
TXN0948,154168,Deposit,76944,10/31/2025 8:42,384,S2
TXN0949,120924,Withdrawal,36641,10/25/2025 21:38,342,S2
TXN0950,155516,Loan Payment,80848,10/30/2025 6:54,145,S4
TXN0951,165499,Withdrawal,36190,10/5/2025 17:38,391,S2
TXN0952,198954,Deposit,55598,10/15/2025 0:45,200,S2
TXN0953,198727,Withdrawal,94210,10/3/2025 22:12,319,S2
TXN0954,117215,Fund Transfer,87939,10/14/2025 20:21,166,S2
TXN0955,162929,Withdrawal,11552,10/12/2025 12:43,263,S2
TXN0956,167124,Withdrawal,20512,10/19/2025 12:46,252,S3
TXN0957,100408,Loan Payment,65848,10/17/2025 0:05,109,S3
TXN0958,129365,Fund Transfer,17144,10/30/2025 17:48,104,S4
TXN0959,158983,Loan Payment,6476,10/27/2025 19:39,243,S4
TXN0960,119548,Loan Payment,91198,10/7/2025 5:28,119,S1
TXN0961,184006,Deposit,71938,10/27/2025 5:48,258,S2
TXN0962,154327,Withdrawal,18510,10/25/2025 19:54,397,S1
TXN0963,185546,Withdrawal,41522,10/21/2025 1:34,384,S4
TXN0964,111210,Withdrawal,43155,10/15/2025 17:45,281,S3
TXN0965,104738,Loan Payment,50665,10/31/2025 5:14,186,S4
TXN0966,137402,Deposit,39242,10/23/2025 13:19,390,S4
TXN0967,101148,Loan Payment,5345,10/9/2025 23:48,222,S2
TXN0968,100380,Loan Payment,68947,10/15/2025 22:34,169,S2
TXN0969,118735,Deposit,16480,10/30/2025 13:47,91,S1
TXN0970,189176,Fund Transfer,5164,10/19/2025 8:17,377,S4
TXN0971,170494,Deposit,21458,10/8/2025 9:46,254,S2
TXN0972,183713,Loan Payment,66277,10/6/2025 14:08,235,S4
TXN0973,162217,Deposit,26121,10/31/2025 7:58,363,S4
TXN0974,150823,Deposit,8379,10/7/2025 21:51,316,S2
TXN0975,183441,Deposit,31381,10/15/2025 16:17,361,S4
TXN0976,196326,Withdrawal,52168,10/1/2025 12:34,97,S1
TXN0977,115252,Loan Payment,17425,10/14/2025 9:43,194,S1
TXN0978,162885,Deposit,85764,10/31/2025 2:27,363,S3
TXN0979,107736,Deposit,45373,10/17/2025 6:45,175,S2
TXN0980,132346,Withdrawal,91941,10/9/2025 14:15,315,S2
TXN0981,188742,Withdrawal,25041,10/17/2025 6:55,228,S1
TXN0982,162080,Fund Transfer,72726,10/2/2025 21:01,319,S2
TXN0983,100833,Deposit,46477,10/18/2025 20:32,240,S2
TXN0984,126032,Loan Payment,11954,11/1/2025 1:55,319,S4
TXN0985,143375,Fund Transfer,86783,10/3/2025 18:15,265,S1
TXN0986,124798,Fund Transfer,45514,10/14/2025 17:27,186,S4
TXN0987,133740,Loan Payment,44189,10/26/2025 6:49,244,S4
TXN0988,192247,Withdrawal,50612,10/18/2025 11:53,277,S3
TXN0989,127017,Loan Payment,91876,10/11/2025 13:03,233,S2
TXN0990,115338,Deposit,98992,10/15/2025 5:59,363,S2
TXN0991,150049,Fund Transfer,86948,10/18/2025 15:28,217,S2
TXN0992,126607,Withdrawal,95740,10/19/2025 20:20,157,S3
TXN0993,183856,Loan Payment,40645,10/18/2025 23:22,371,S2
TXN0994,153492,Withdrawal,3433,10/29/2025 6:39,172,S3
TXN0995,104429,Fund Transfer,11318,10/21/2025 15:13,84,S1
TXN0996,169998,Deposit,91753,10/15/2025 10:17,220,S3
TXN0997,185989,Withdrawal,60399,10/19/2025 18:57,188,S3
TXN0998,172982,Deposit,1251,10/15/2025 6:40,217,S4
TXN0999,165419,Withdrawal,65974,10/25/2025 0:49,161,S3
TXN1000,157789,Deposit,31240,10/13/2025 5:55,342,S2
